tree	anchor_commit
194a535511972cb48c63f7ace6d4b3137bb865ea	5ce5fdf11361bc8bf3e54c50670730e7006a2196
1bb0347141accc759e2f889d731cf98cd8c7633e	3027f7bc9a7b2e69aa27b41dd9e25603c75544c4
24f04f6b9fe6079057dd4cb3ca452b8edc597180	f105717d8ad005b2923e10ddd1a9042492d71b6f
2b513526d94caf600dc8637b7d24058fd210ba32	6acb4f2ac124b42b554f729e09081ffcedfecb5b
6ab0427a66ec18ff87d3fff8120cc3d8ee7717a2	ab94014207c92973a07c04c6fcaf79ff511362fa
716080680cb0d4ff77443962ab2739ec63bb0a49	ef470c59f80f7f935aa67408a5bc1945b2507214
7d5f967d26bd6c3ffadefd03c74e0875ff17c919	58e301904d8373137b048aa08d9c007fff7b7008
836fc8a5a83e0089eb6543ebd25b3b41e2ff1a0d	2e2038724e8228347ad9c2b32349e2f9773e6bcf
905052d9320a88c81f5180dff9262c79872f60a6	8f8ba125ab66364cb26f23121e7e0ffa55002c36
9831225a6bb10b6aadea4ead6514c9d0437fd794	60b2d7e85fb9967c65cf5aa776e58cf945c39118
9f9ca9c822c6e5d223fc29fcf13c7f212cfeefc7	484b64c0e4002531394e2e7009f35fb7934ffadf
b3d8d40681ed806874ed4a36beaf6c6a60dc249c	f679aa60245d577026dabf135d9fd92bb1967211
be7de765bfb8f4f5a9d2f8116ee625433db04020	3eba0e13105ca35d355ba7f21971b4cf923d2cee
ef8ec55317f4ebe163ac4d506213bd847f16d0a6	0dc535db6d9937a0fe7c3159a84d05941358e779
